-- Radi (810000) - Gem vendor

INSERT INTO weenie (class_Id, class_Name, type, last_Modified) VALUES (810000, 'radi_tn_gem_vendor', 12, NOW()) ON DUPLICATE KEY UPDATE class_Name = VALUES(class_Name), type = VALUES(type), last_Modified = NOW();

INSERT INTO weenie_properties_int (object_Id, type, value) VALUES (810000, 1, 16) ON DUPLICATE KEY UPDATE value = VALUES(value);
INSERT INTO weenie_properties_int (object_Id, type, value) VALUES (810000, 2, 31) ON DUPLICATE KEY UPDATE value = VALUES(value);
INSERT INTO weenie_properties_int (object_Id, type, value) VALUES (810000, 6, -1) ON DUPLICATE KEY UPDATE value = VALUES(value);
INSERT INTO weenie_properties_int (object_Id, type, value) VALUES (810000, 7, -1) ON DUPLICATE KEY UPDATE value = VALUES(value);
INSERT INTO weenie_properties_int (object_Id, type, value) VALUES (810000, 8, 120) ON DUPLICATE KEY UPDATE value = VALUES(value);
INSERT INTO weenie_properties_int (object_Id, type, value) VALUES (810000, 16, 32) ON DUPLICATE KEY UPDATE value = VALUES(value);
INSERT INTO weenie_properties_int (object_Id, type, value) VALUES (810000, 25, 3) ON DUPLICATE KEY UPDATE value = VALUES(value);
INSERT INTO weenie_properties_int (object_Id, type, value) VALUES (810000, 27, 0) ON DUPLICATE KEY UPDATE value = VALUES(value);
INSERT INTO weenie_properties_int (object_Id, type, value) VALUES (810000, 74, 2048) ON DUPLICATE KEY UPDATE value = VALUES(value);
INSERT INTO weenie_properties_int (object_Id, type, value) VALUES (810000, 75, 0) ON DUPLICATE KEY UPDATE value = VALUES(value);
INSERT INTO weenie_properties_int (object_Id, type, value) VALUES (810000, 76, 1000000) ON DUPLICATE KEY UPDATE value = VALUES(value);
INSERT INTO weenie_properties_int (object_Id, type, value) VALUES (810000, 93, 2098200) ON DUPLICATE KEY UPDATE value = VALUES(value);
INSERT INTO weenie_properties_int (object_Id, type, value) VALUES (810000, 126, 125) ON DUPLICATE KEY UPDATE value = VALUES(value);
INSERT INTO weenie_properties_int (object_Id, type, value) VALUES (810000, 127, 125) ON DUPLICATE KEY UPDATE value = VALUES(value);
INSERT INTO weenie_properties_int (object_Id, type, value) VALUES (810000, 133, 4) ON DUPLICATE KEY UPDATE value = VALUES(value);
INSERT INTO weenie_properties_int (object_Id, type, value) VALUES (810000, 134, 16) ON DUPLICATE KEY UPDATE value = VALUES(value);
INSERT INTO weenie_properties_int (object_Id, type, value) VALUES (810000, 146, 20) ON DUPLICATE KEY UPDATE value = VALUES(value);
INSERT INTO weenie_properties_bool (object_Id, type, value) VALUES (810000, 1, True) ON DUPLICATE KEY UPDATE value = VALUES(value);
INSERT INTO weenie_properties_bool (object_Id, type, value) VALUES (810000, 12, True) ON DUPLICATE KEY UPDATE value = VALUES(value);
INSERT INTO weenie_properties_bool (object_Id, type, value) VALUES (810000, 13, False) ON DUPLICATE KEY UPDATE value = VALUES(value);
INSERT INTO weenie_properties_bool (object_Id, type, value) VALUES (810000, 19, False) ON DUPLICATE KEY UPDATE value = VALUES(value);
INSERT INTO weenie_properties_bool (object_Id, type, value) VALUES (810000, 39, True) ON DUPLICATE KEY UPDATE value = VALUES(value);
INSERT INTO weenie_properties_bool (object_Id, type, value) VALUES (810000, 41, True) ON DUPLICATE KEY UPDATE value = VALUES(value);
INSERT INTO weenie_properties_float (object_Id, type, value) VALUES (810000, 1, 5) ON DUPLICATE KEY UPDATE value = VALUES(value);
INSERT INTO weenie_properties_float (object_Id, type, value) VALUES (810000, 3, 0.16) ON DUPLICATE KEY UPDATE value = VALUES(value);
INSERT INTO weenie_properties_float (object_Id, type, value) VALUES (810000, 4, 5) ON DUPLICATE KEY UPDATE value = VALUES(value);
INSERT INTO weenie_properties_float (object_Id, type, value) VALUES (810000, 5, 1) ON DUPLICATE KEY UPDATE value = VALUES(value);
INSERT INTO weenie_properties_float (object_Id, type, value) VALUES (810000, 11, 300) ON DUPLICATE KEY UPDATE value = VALUES(value);
INSERT INTO weenie_properties_float (object_Id, type, value) VALUES (810000, 13, 0.9) ON DUPLICATE KEY UPDATE value = VALUES(value);
INSERT INTO weenie_properties_float (object_Id, type, value) VALUES (810000, 14, 1) ON DUPLICATE KEY UPDATE value = VALUES(value);
INSERT INTO weenie_properties_float (object_Id, type, value) VALUES (810000, 15, 1.1) ON DUPLICATE KEY UPDATE value = VALUES(value);
INSERT INTO weenie_properties_float (object_Id, type, value) VALUES (810000, 16, 0.4) ON DUPLICATE KEY UPDATE value = VALUES(value);
INSERT INTO weenie_properties_float (object_Id, type, value) VALUES (810000, 17, 0.4) ON DUPLICATE KEY UPDATE value = VALUES(value);
INSERT INTO weenie_properties_float (object_Id, type, value) VALUES (810000, 18, 1) ON DUPLICATE KEY UPDATE value = VALUES(value);
INSERT INTO weenie_properties_float (object_Id, type, value) VALUES (810000, 19, 0.6) ON DUPLICATE KEY UPDATE value = VALUES(value);
INSERT INTO weenie_properties_float (object_Id, type, value) VALUES (810000, 37, 0.9) ON DUPLICATE KEY UPDATE value = VALUES(value);
INSERT INTO weenie_properties_float (object_Id, type, value) VALUES (810000, 38, 1.35) ON DUPLICATE KEY UPDATE value = VALUES(value);
INSERT INTO weenie_properties_float (object_Id, type, value) VALUES (810000, 54, 3) ON DUPLICATE KEY UPDATE value = VALUES(value);
INSERT INTO weenie_properties_float (object_Id, type, value) VALUES (810000, 64, 1) ON DUPLICATE KEY UPDATE value = VALUES(value);
INSERT INTO weenie_properties_float (object_Id, type, value) VALUES (810000, 65, 1) ON DUPLICATE KEY UPDATE value = VALUES(value);
INSERT INTO weenie_properties_float (object_Id, type, value) VALUES (810000, 66, 1) ON DUPLICATE KEY UPDATE value = VALUES(value);
INSERT INTO weenie_properties_float (object_Id, type, value) VALUES (810000, 67, 1) ON DUPLICATE KEY UPDATE value = VALUES(value);
INSERT INTO weenie_properties_float (object_Id, type, value) VALUES (810000, 68, 1) ON DUPLICATE KEY UPDATE value = VALUES(value);
INSERT INTO weenie_properties_float (object_Id, type, value) VALUES (810000, 69, 1) ON DUPLICATE KEY UPDATE value = VALUES(value);
INSERT INTO weenie_properties_float (object_Id, type, value) VALUES (810000, 70, 1) ON DUPLICATE KEY UPDATE value = VALUES(value);
INSERT INTO weenie_properties_float (object_Id, type, value) VALUES (810000, 71, 1) ON DUPLICATE KEY UPDATE value = VALUES(value);
INSERT INTO weenie_properties_float (object_Id, type, value) VALUES (810000, 72, 1) ON DUPLICATE KEY UPDATE value = VALUES(value);
INSERT INTO weenie_properties_float (object_Id, type, value) VALUES (810000, 73, 1) ON DUPLICATE KEY UPDATE value = VALUES(value);
INSERT INTO weenie_properties_float (object_Id, type, value) VALUES (810000, 74, 1) ON DUPLICATE KEY UPDATE value = VALUES(value);
INSERT INTO weenie_properties_float (object_Id, type, value) VALUES (810000, 75, 1) ON DUPLICATE KEY UPDATE value = VALUES(value);
INSERT INTO weenie_properties_float (object_Id, type, value) VALUES (810000, 104, 10) ON DUPLICATE KEY UPDATE value = VALUES(value);
INSERT INTO weenie_properties_float (object_Id, type, value) VALUES (810000, 125, 1) ON DUPLICATE KEY UPDATE value = VALUES(value);
INSERT INTO weenie_properties_string (object_Id, type, value) VALUES (810000, 1, 'Jochi') ON DUPLICATE KEY UPDATE value = VALUES(value);
INSERT INTO weenie_properties_string (object_Id, type, value) VALUES (810000, 3, 'Male') ON DUPLICATE KEY UPDATE value = VALUES(value);
INSERT INTO weenie_properties_string (object_Id, type, value) VALUES (810000, 4, 'Sho') ON DUPLICATE KEY UPDATE value = VALUES(value);
INSERT INTO weenie_properties_string (object_Id, type, value) VALUES (810000, 5, 'Grocer') ON DUPLICATE KEY UPDATE value = VALUES(value);
INSERT INTO weenie_properties_string (object_Id, type, value) VALUES (810000, 24, 'Town Network') ON DUPLICATE KEY UPDATE value = VALUES(value);
-- DID: Sir Tenshin (14414) appearance — Sho male in robe
INSERT INTO weenie_properties_d_i_d (object_Id, type, value) VALUES (810000, 1, 33554433) ON DUPLICATE KEY UPDATE value = VALUES(value);
INSERT INTO weenie_properties_d_i_d (object_Id, type, value) VALUES (810000, 2, 150994945) ON DUPLICATE KEY UPDATE value = VALUES(value);
INSERT INTO weenie_properties_d_i_d (object_Id, type, value) VALUES (810000, 3, 536870913) ON DUPLICATE KEY UPDATE value = VALUES(value);
INSERT INTO weenie_properties_d_i_d (object_Id, type, value) VALUES (810000, 4, 805306368) ON DUPLICATE KEY UPDATE value = VALUES(value);
INSERT INTO weenie_properties_d_i_d (object_Id, type, value) VALUES (810000, 8, 100667446) ON DUPLICATE KEY UPDATE value = VALUES(value);
INSERT IGNORE INTO weenie_properties_attribute (object_Id, type, init_Level, level_From_C_P, c_P_Spent) VALUES (810000, 1, 20, 0, 0);
INSERT IGNORE INTO weenie_properties_attribute (object_Id, type, init_Level, level_From_C_P, c_P_Spent) VALUES (810000, 2, 25, 0, 0);
INSERT IGNORE INTO weenie_properties_attribute (object_Id, type, init_Level, level_From_C_P, c_P_Spent) VALUES (810000, 3, 45, 0, 0);
INSERT IGNORE INTO weenie_properties_attribute (object_Id, type, init_Level, level_From_C_P, c_P_Spent) VALUES (810000, 4, 35, 0, 0);
INSERT IGNORE INTO weenie_properties_attribute (object_Id, type, init_Level, level_From_C_P, c_P_Spent) VALUES (810000, 5, 35, 0, 0);
INSERT IGNORE INTO weenie_properties_attribute (object_Id, type, init_Level, level_From_C_P, c_P_Spent) VALUES (810000, 6, 25, 0, 0);
INSERT IGNORE INTO weenie_properties_attribute_2nd (object_Id, type, init_Level, level_From_C_P, c_P_Spent, current_Level) VALUES (810000, 1, 25, 0, 0, 38);
INSERT IGNORE INTO weenie_properties_attribute_2nd (object_Id, type, init_Level, level_From_C_P, c_P_Spent, current_Level) VALUES (810000, 3, 50, 0, 0, 75);
INSERT IGNORE INTO weenie_properties_attribute_2nd (object_Id, type, init_Level, level_From_C_P, c_P_Spent, current_Level) VALUES (810000, 5, 20, 0, 0, 45);
INSERT IGNORE INTO weenie_properties_body_part (object_Id, `key`, d_Type, d_Val, d_Var, base_Armor, armor_Vs_Slash, armor_Vs_Pierce, armor_Vs_Bludgeon, armor_Vs_Cold, armor_Vs_Fire, armor_Vs_Acid, armor_Vs_Electric, armor_Vs_Nether, b_h, h_l_f, m_l_f, l_l_f, h_r_f, m_r_f, l_r_f, h_l_b, m_l_b, l_l_b, h_r_b, m_r_b, l_r_b) VALUES (810000, 0, 4, 0, 0, 0, 0, 0, 0, 0, 0, 0, 0, 0, 1, 0.33, 0, 0, 0.33, 0, 0, 0.33, 0, 0, 0.33, 0, 0);
INSERT IGNORE INTO weenie_properties_body_part (object_Id, `key`, d_Type, d_Val, d_Var, base_Armor, armor_Vs_Slash, armor_Vs_Pierce, armor_Vs_Bludgeon, armor_Vs_Cold, armor_Vs_Fire, armor_Vs_Acid, armor_Vs_Electric, armor_Vs_Nether, b_h, h_l_f, m_l_f, l_l_f, h_r_f, m_r_f, l_r_f, h_l_b, m_l_b, l_l_b, h_r_b, m_r_b, l_r_b) VALUES (810000, 1, 4, 0, 0, 0, 0, 0, 0, 0, 0, 0, 0, 0, 2, 0.44, 0.17, 0, 0.44, 0.17, 0, 0.44, 0.17, 0, 0.44, 0.17, 0);
INSERT IGNORE INTO weenie_properties_body_part (object_Id, `key`, d_Type, d_Val, d_Var, base_Armor, armor_Vs_Slash, armor_Vs_Pierce, armor_Vs_Bludgeon, armor_Vs_Cold, armor_Vs_Fire, armor_Vs_Acid, armor_Vs_Electric, armor_Vs_Nether, b_h, h_l_f, m_l_f, l_l_f, h_r_f, m_r_f, l_r_f, h_l_b, m_l_b, l_l_b, h_r_b, m_r_b, l_r_b) VALUES (810000, 2, 4, 0, 0, 0, 0, 0, 0, 0, 0, 0, 0, 0, 3, 0, 0.17, 0, 0, 0.17, 0, 0, 0.17, 0, 0, 0.17, 0);
INSERT IGNORE INTO weenie_properties_body_part (object_Id, `key`, d_Type, d_Val, d_Var, base_Armor, armor_Vs_Slash, armor_Vs_Pierce, armor_Vs_Bludgeon, armor_Vs_Cold, armor_Vs_Fire, armor_Vs_Acid, armor_Vs_Electric, armor_Vs_Nether, b_h, h_l_f, m_l_f, l_l_f, h_r_f, m_r_f, l_r_f, h_l_b, m_l_b, l_l_b, h_r_b, m_r_b, l_r_b) VALUES (810000, 3, 4, 0, 0, 0, 0, 0, 0, 0, 0, 0, 0, 0, 1, 0.23, 0.03, 0, 0.23, 0.03, 0, 0.23, 0.03, 0, 0.23, 0.03, 0);
INSERT IGNORE INTO weenie_properties_body_part (object_Id, `key`, d_Type, d_Val, d_Var, base_Armor, armor_Vs_Slash, armor_Vs_Pierce, armor_Vs_Bludgeon, armor_Vs_Cold, armor_Vs_Fire, armor_Vs_Acid, armor_Vs_Electric, armor_Vs_Nether, b_h, h_l_f, m_l_f, l_l_f, h_r_f, m_r_f, l_r_f, h_l_b, m_l_b, l_l_b, h_r_b, m_r_b, l_r_b) VALUES (810000, 4, 4, 0, 0, 0, 0, 0, 0, 0, 0, 0, 0, 0, 2, 0, 0.3, 0, 0, 0.3, 0, 0, 0.3, 0, 0, 0.3, 0);
INSERT IGNORE INTO weenie_properties_body_part (object_Id, `key`, d_Type, d_Val, d_Var, base_Armor, armor_Vs_Slash, armor_Vs_Pierce, armor_Vs_Bludgeon, armor_Vs_Cold, armor_Vs_Fire, armor_Vs_Acid, armor_Vs_Electric, armor_Vs_Nether, b_h, h_l_f, m_l_f, l_l_f, h_r_f, m_r_f, l_r_f, h_l_b, m_l_b, l_l_b, h_r_b, m_r_b, l_r_b) VALUES (810000, 5, 4, 2, 0.75, 0, 0, 0, 0, 0, 0, 0, 0, 0, 2, 0, 0.2, 0, 0, 0.2, 0, 0, 0.2, 0, 0, 0.2, 0);
INSERT IGNORE INTO weenie_properties_body_part (object_Id, `key`, d_Type, d_Val, d_Var, base_Armor, armor_Vs_Slash, armor_Vs_Pierce, armor_Vs_Bludgeon, armor_Vs_Cold, armor_Vs_Fire, armor_Vs_Acid, armor_Vs_Electric, armor_Vs_Nether, b_h, h_l_f, m_l_f, l_l_f, h_r_f, m_r_f, l_r_f, h_l_b, m_l_b, l_l_b, h_r_b, m_r_b, l_r_b) VALUES (810000, 6, 4, 0, 0, 0, 0, 0, 0, 0, 0, 0, 0, 0, 3, 0, 0.13, 0.18, 0, 0.13, 0.18, 0, 0.13, 0.18, 0, 0.13, 0.18);
INSERT IGNORE INTO weenie_properties_body_part (object_Id, `key`, d_Type, d_Val, d_Var, base_Armor, armor_Vs_Slash, armor_Vs_Pierce, armor_Vs_Bludgeon, armor_Vs_Cold, armor_Vs_Fire, armor_Vs_Acid, armor_Vs_Electric, armor_Vs_Nether, b_h, h_l_f, m_l_f, l_l_f, h_r_f, m_r_f, l_r_f, h_l_b, m_l_b, l_l_b, h_r_b, m_r_b, l_r_b) VALUES (810000, 7, 4, 0, 0, 0, 0, 0, 0, 0, 0, 0, 0, 0, 3, 0, 0, 0.6, 0, 0, 0.6, 0, 0, 0.6, 0, 0, 0.6);
INSERT IGNORE INTO weenie_properties_body_part (object_Id, `key`, d_Type, d_Val, d_Var, base_Armor, armor_Vs_Slash, armor_Vs_Pierce, armor_Vs_Bludgeon, armor_Vs_Cold, armor_Vs_Fire, armor_Vs_Acid, armor_Vs_Electric, armor_Vs_Nether, b_h, h_l_f, m_l_f, l_l_f, h_r_f, m_r_f, l_r_f, h_l_b, m_l_b, l_l_b, h_r_b, m_r_b, l_r_b) VALUES (810000, 8, 4, 2, 0.75, 0, 0, 0, 0, 0, 0, 0, 0, 0, 3, 0, 0, 0.22, 0, 0, 0.22, 0, 0, 0.22, 0, 0, 0.22);
INSERT IGNORE INTO weenie_properties_emote (id, object_Id, category, probability) VALUES (93100, 810000, 2, 0.8);
INSERT IGNORE INTO weenie_properties_emote (id, object_Id, category, probability) VALUES (93101, 810000, 2, 0.8);
INSERT IGNORE INTO weenie_properties_emote (id, object_Id, category, probability) VALUES (93102, 810000, 2, 0.8);
INSERT IGNORE INTO weenie_properties_emote (id, object_Id, category, probability) VALUES (93103, 810000, 2, 0.8);
INSERT IGNORE INTO weenie_properties_emote (id, object_Id, category, probability, vendor_Type) VALUES (93104, 810000, 2, 0.125, 5);
INSERT IGNORE INTO weenie_properties_emote (id, object_Id, category, probability, vendor_Type) VALUES (93105, 810000, 2, 0.25, 5);
INSERT IGNORE INTO weenie_properties_emote (id, object_Id, category, probability, vendor_Type) VALUES (93106, 810000, 2, 0.375, 5);
INSERT IGNORE INTO weenie_properties_emote (id, object_Id, category, probability, vendor_Type) VALUES (93107, 810000, 2, 0.5, 5);
INSERT IGNORE INTO weenie_properties_emote_action (emote_Id, `order`, type, delay, extent, motion, message) VALUES (93100, 0, 10, 0, 1, NULL, 'Hail, traveler of a thousand roads. You stand at the crossroads where skill and destiny trade hands. What thread shall we weave today?');
INSERT IGNORE INTO weenie_properties_emote_action (emote_Id, `order`, type, delay, extent, motion, message) VALUES (93101, 0, 10, 0, 1, NULL, 'The portals whisper of distant lands. Go boldly — and may what you''ve learned here serve you under stranger stars.');
INSERT IGNORE INTO weenie_properties_emote_action (emote_Id, `order`, type, delay, extent, motion, message) VALUES (93102, 0, 10, 0, 1, NULL, 'The Network teaches us all to travel light. A fair trade.');
INSERT IGNORE INTO weenie_properties_emote_action (emote_Id, `order`, type, delay, extent, motion, message) VALUES (93103, 0, 10, 0, 1, NULL, 'A stone of knowing, taken up. Hold it to the Light when you are ready.');
INSERT IGNORE INTO weenie_properties_emote_action (emote_Id, `order`, type, delay, extent, motion) VALUES (93104, 0, 5, 0, 1, 318767239);
INSERT IGNORE INTO weenie_properties_emote_action (emote_Id, `order`, type, delay, extent, motion) VALUES (93105, 0, 5, 0, 1, 318767229);
INSERT IGNORE INTO weenie_properties_emote_action (emote_Id, `order`, type, delay, extent, motion) VALUES (93106, 0, 5, 0, 1, 318767238);
INSERT IGNORE INTO weenie_properties_emote_action (emote_Id, `order`, type, delay, extent, motion) VALUES (93107, 0, 5, 0, 1, 318767235);
INSERT IGNORE INTO weenie_properties_create_list (object_Id, destination_Type, weenie_Class_Id, stack_Size, palette, shade, try_To_Bond) VALUES (810000, 2, 5893, 0, 0, 0, False);
INSERT IGNORE INTO weenie_properties_create_list (object_Id, destination_Type, weenie_Class_Id, stack_Size, palette, shade, try_To_Bond) VALUES (810000, 2, 127, 0, 7, 0.33, False);
INSERT IGNORE INTO weenie_properties_create_list (object_Id, destination_Type, weenie_Class_Id, stack_Size, palette, shade, try_To_Bond) VALUES (810000, 2, 132, 0, 18, 1, False);
INSERT IGNORE INTO weenie_properties_create_list (object_Id, destination_Type, weenie_Class_Id, stack_Size, palette, shade, try_To_Bond) VALUES (810000, 4, 22350, -1, 0, 0, False);
INSERT IGNORE INTO weenie_properties_create_list (object_Id, destination_Type, weenie_Class_Id, stack_Size, palette, shade, try_To_Bond) VALUES (810000, 4, 22351, -1, 0, 0, False);
INSERT IGNORE INTO weenie_properties_create_list (object_Id, destination_Type, weenie_Class_Id, stack_Size, palette, shade, try_To_Bond) VALUES (810000, 4, 22352, -1, 0, 0, False);
INSERT IGNORE INTO weenie_properties_create_list (object_Id, destination_Type, weenie_Class_Id, stack_Size, palette, shade, try_To_Bond) VALUES (810000, 4, 22356, -1, 0, 0, False);
INSERT IGNORE INTO weenie_properties_create_list (object_Id, destination_Type, weenie_Class_Id, stack_Size, palette, shade, try_To_Bond) VALUES (810000, 4, 22376, -1, 0, 0, False);
INSERT IGNORE INTO weenie_properties_create_list (object_Id, destination_Type, weenie_Class_Id, stack_Size, palette, shade, try_To_Bond) VALUES (810000, 4, 22355, -1, 0, 0, False);
INSERT IGNORE INTO weenie_properties_create_list (object_Id, destination_Type, weenie_Class_Id, stack_Size, palette, shade, try_To_Bond) VALUES (810000, 4, 22357, -1, 0, 0, False);
INSERT IGNORE INTO weenie_properties_create_list (object_Id, destination_Type, weenie_Class_Id, stack_Size, palette, shade, try_To_Bond) VALUES (810000, 4, 22360, -1, 0, 0, False);
INSERT IGNORE INTO weenie_properties_create_list (object_Id, destination_Type, weenie_Class_Id, stack_Size, palette, shade, try_To_Bond) VALUES (810000, 4, 45380, -1, 0, 0, False);
INSERT IGNORE INTO weenie_properties_create_list (object_Id, destination_Type, weenie_Class_Id, stack_Size, palette, shade, try_To_Bond) VALUES (810000, 4, 45381, -1, 0, 0, False);
INSERT IGNORE INTO weenie_properties_create_list (object_Id, destination_Type, weenie_Class_Id, stack_Size, palette, shade, try_To_Bond) VALUES (810000, 4, 22359, -1, 0, 0, False);
INSERT IGNORE INTO weenie_properties_create_list (object_Id, destination_Type, weenie_Class_Id, stack_Size, palette, shade, try_To_Bond) VALUES (810000, 4, 22361, -1, 0, 0, False);
INSERT IGNORE INTO weenie_properties_create_list (object_Id, destination_Type, weenie_Class_Id, stack_Size, palette, shade, try_To_Bond) VALUES (810000, 4, 22380, -1, 0, 0, False);
INSERT IGNORE INTO weenie_properties_create_list (object_Id, destination_Type, weenie_Class_Id, stack_Size, palette, shade, try_To_Bond) VALUES (810000, 4, 22362, -1, 0, 0, False);
INSERT IGNORE INTO weenie_properties_create_list (object_Id, destination_Type, weenie_Class_Id, stack_Size, palette, shade, try_To_Bond) VALUES (810000, 4, 22364, -1, 0, 0, False);
INSERT IGNORE INTO weenie_properties_create_list (object_Id, destination_Type, weenie_Class_Id, stack_Size, palette, shade, try_To_Bond) VALUES (810000, 4, 22363, -1, 0, 0, False);
INSERT IGNORE INTO weenie_properties_create_list (object_Id, destination_Type, weenie_Class_Id, stack_Size, palette, shade, try_To_Bond) VALUES (810000, 4, 22365, -1, 0, 0, False);
INSERT IGNORE INTO weenie_properties_create_list (object_Id, destination_Type, weenie_Class_Id, stack_Size, palette, shade, try_To_Bond) VALUES (810000, 4, 22366, -1, 0, 0, False);
INSERT IGNORE INTO weenie_properties_create_list (object_Id, destination_Type, weenie_Class_Id, stack_Size, palette, shade, try_To_Bond) VALUES (810000, 4, 22367, -1, 0, 0, False);
INSERT IGNORE INTO weenie_properties_create_list (object_Id, destination_Type, weenie_Class_Id, stack_Size, palette, shade, try_To_Bond) VALUES (810000, 4, 22353, -1, 0, 0, False);
INSERT IGNORE INTO weenie_properties_create_list (object_Id, destination_Type, weenie_Class_Id, stack_Size, palette, shade, try_To_Bond) VALUES (810000, 4, 22368, -1, 0, 0, False);
INSERT IGNORE INTO weenie_properties_create_list (object_Id, destination_Type, weenie_Class_Id, stack_Size, palette, shade, try_To_Bond) VALUES (810000, 4, 22369, -1, 0, 0, False);
INSERT IGNORE INTO weenie_properties_create_list (object_Id, destination_Type, weenie_Class_Id, stack_Size, palette, shade, try_To_Bond) VALUES (810000, 4, 22371, -1, 0, 0, False);
INSERT IGNORE INTO weenie_properties_create_list (object_Id, destination_Type, weenie_Class_Id, stack_Size, palette, shade, try_To_Bond) VALUES (810000, 4, 22372, -1, 0, 0, False);
INSERT IGNORE INTO weenie_properties_create_list (object_Id, destination_Type, weenie_Class_Id, stack_Size, palette, shade, try_To_Bond) VALUES (810000, 4, 22373, -1, 0, 0, False);
INSERT IGNORE INTO weenie_properties_create_list (object_Id, destination_Type, weenie_Class_Id, stack_Size, palette, shade, try_To_Bond) VALUES (810000, 4, 22374, -1, 0, 0, False);
INSERT IGNORE INTO weenie_properties_create_list (object_Id, destination_Type, weenie_Class_Id, stack_Size, palette, shade, try_To_Bond) VALUES (810000, 4, 22375, -1, 0, 0, False);
INSERT IGNORE INTO weenie_properties_create_list (object_Id, destination_Type, weenie_Class_Id, stack_Size, palette, shade, try_To_Bond) VALUES (810000, 4, 22354, -1, 0, 0, False);
INSERT IGNORE INTO weenie_properties_create_list (object_Id, destination_Type, weenie_Class_Id, stack_Size, palette, shade, try_To_Bond) VALUES (810000, 4, 45382, -1, 0, 0, False);
INSERT IGNORE INTO weenie_properties_create_list (object_Id, destination_Type, weenie_Class_Id, stack_Size, palette, shade, try_To_Bond) VALUES (810000, 4, 22377, -1, 0, 0, False);
INSERT IGNORE INTO weenie_properties_create_list (object_Id, destination_Type, weenie_Class_Id, stack_Size, palette, shade, try_To_Bond) VALUES (810000, 4, 45383, -1, 0, 0, False);
INSERT IGNORE INTO weenie_properties_create_list (object_Id, destination_Type, weenie_Class_Id, stack_Size, palette, shade, try_To_Bond) VALUES (810000, 4, 45384, -1, 0, 0, False);
INSERT IGNORE INTO weenie_properties_create_list (object_Id, destination_Type, weenie_Class_Id, stack_Size, palette, shade, try_To_Bond) VALUES (810000, 4, 49484, -1, 0, 0, False);
INSERT IGNORE INTO weenie_properties_create_list (object_Id, destination_Type, weenie_Class_Id, stack_Size, palette, shade, try_To_Bond) VALUES (810000, 4, 41740, -1, 0, 0, False);
INSERT IGNORE INTO weenie_properties_create_list (object_Id, destination_Type, weenie_Class_Id, stack_Size, palette, shade, try_To_Bond) VALUES (810000, 4, 43400, -1, 0, 0, False);
INSERT IGNORE INTO weenie_properties_create_list (object_Id, destination_Type, weenie_Class_Id, stack_Size, palette, shade, try_To_Bond) VALUES (810000, 4, 22383, -1, 0, 0, False);
INSERT IGNORE INTO weenie_properties_create_list (object_Id, destination_Type, weenie_Class_Id, stack_Size, palette, shade, try_To_Bond) VALUES (810000, 4, 22384, -1, 0, 0, False);
INSERT IGNORE INTO weenie_properties_create_list (object_Id, destination_Type, weenie_Class_Id, stack_Size, palette, shade, try_To_Bond) VALUES (810000, 4, 22315, -1, 0, 0, False);
INSERT IGNORE INTO weenie_properties_create_list (object_Id, destination_Type, weenie_Class_Id, stack_Size, palette, shade, try_To_Bond) VALUES (810000, 4, 22316, -1, 0, 0, False);
INSERT IGNORE INTO weenie_properties_create_list (object_Id, destination_Type, weenie_Class_Id, stack_Size, palette, shade, try_To_Bond) VALUES (810000, 4, 22317, -1, 0, 0, False);
INSERT IGNORE INTO weenie_properties_create_list (object_Id, destination_Type, weenie_Class_Id, stack_Size, palette, shade, try_To_Bond) VALUES (810000, 4, 22321, -1, 0, 0, False);
INSERT IGNORE INTO weenie_properties_create_list (object_Id, destination_Type, weenie_Class_Id, stack_Size, palette, shade, try_To_Bond) VALUES (810000, 4, 22341, -1, 0, 0, False);
INSERT IGNORE INTO weenie_properties_create_list (object_Id, destination_Type, weenie_Class_Id, stack_Size, palette, shade, try_To_Bond) VALUES (810000, 4, 22320, -1, 0, 0, False);
INSERT IGNORE INTO weenie_properties_create_list (object_Id, destination_Type, weenie_Class_Id, stack_Size, palette, shade, try_To_Bond) VALUES (810000, 4, 22322, -1, 0, 0, False);
INSERT IGNORE INTO weenie_properties_create_list (object_Id, destination_Type, weenie_Class_Id, stack_Size, palette, shade, try_To_Bond) VALUES (810000, 4, 22325, -1, 0, 0, False);
INSERT IGNORE INTO weenie_properties_create_list (object_Id, destination_Type, weenie_Class_Id, stack_Size, palette, shade, try_To_Bond) VALUES (810000, 4, 45375, -1, 0, 0, False);
INSERT IGNORE INTO weenie_properties_create_list (object_Id, destination_Type, weenie_Class_Id, stack_Size, palette, shade, try_To_Bond) VALUES (810000, 4, 45376, -1, 0, 0, False);
INSERT IGNORE INTO weenie_properties_create_list (object_Id, destination_Type, weenie_Class_Id, stack_Size, palette, shade, try_To_Bond) VALUES (810000, 4, 22324, -1, 0, 0, False);
INSERT IGNORE INTO weenie_properties_create_list (object_Id, destination_Type, weenie_Class_Id, stack_Size, palette, shade, try_To_Bond) VALUES (810000, 4, 22326, -1, 0, 0, False);
INSERT IGNORE INTO weenie_properties_create_list (object_Id, destination_Type, weenie_Class_Id, stack_Size, palette, shade, try_To_Bond) VALUES (810000, 4, 22345, -1, 0, 0, False);
INSERT IGNORE INTO weenie_properties_create_list (object_Id, destination_Type, weenie_Class_Id, stack_Size, palette, shade, try_To_Bond) VALUES (810000, 4, 22327, -1, 0, 0, False);
INSERT IGNORE INTO weenie_properties_create_list (object_Id, destination_Type, weenie_Class_Id, stack_Size, palette, shade, try_To_Bond) VALUES (810000, 4, 22329, -1, 0, 0, False);
INSERT IGNORE INTO weenie_properties_create_list (object_Id, destination_Type, weenie_Class_Id, stack_Size, palette, shade, try_To_Bond) VALUES (810000, 4, 22328, -1, 0, 0, False);
INSERT IGNORE INTO weenie_properties_create_list (object_Id, destination_Type, weenie_Class_Id, stack_Size, palette, shade, try_To_Bond) VALUES (810000, 4, 22330, -1, 0, 0, False);
INSERT IGNORE INTO weenie_properties_create_list (object_Id, destination_Type, weenie_Class_Id, stack_Size, palette, shade, try_To_Bond) VALUES (810000, 4, 22331, -1, 0, 0, False);
INSERT IGNORE INTO weenie_properties_create_list (object_Id, destination_Type, weenie_Class_Id, stack_Size, palette, shade, try_To_Bond) VALUES (810000, 4, 22332, -1, 0, 0, False);
INSERT IGNORE INTO weenie_properties_create_list (object_Id, destination_Type, weenie_Class_Id, stack_Size, palette, shade, try_To_Bond) VALUES (810000, 4, 22318, -1, 0, 0, False);
INSERT IGNORE INTO weenie_properties_create_list (object_Id, destination_Type, weenie_Class_Id, stack_Size, palette, shade, try_To_Bond) VALUES (810000, 4, 22333, -1, 0, 0, False);
INSERT IGNORE INTO weenie_properties_create_list (object_Id, destination_Type, weenie_Class_Id, stack_Size, palette, shade, try_To_Bond) VALUES (810000, 4, 22334, -1, 0, 0, False);
INSERT IGNORE INTO weenie_properties_create_list (object_Id, destination_Type, weenie_Class_Id, stack_Size, palette, shade, try_To_Bond) VALUES (810000, 4, 22336, -1, 0, 0, False);
INSERT IGNORE INTO weenie_properties_create_list (object_Id, destination_Type, weenie_Class_Id, stack_Size, palette, shade, try_To_Bond) VALUES (810000, 4, 22337, -1, 0, 0, False);
INSERT IGNORE INTO weenie_properties_create_list (object_Id, destination_Type, weenie_Class_Id, stack_Size, palette, shade, try_To_Bond) VALUES (810000, 4, 22338, -1, 0, 0, False);
INSERT IGNORE INTO weenie_properties_create_list (object_Id, destination_Type, weenie_Class_Id, stack_Size, palette, shade, try_To_Bond) VALUES (810000, 4, 22339, -1, 0, 0, False);
INSERT IGNORE INTO weenie_properties_create_list (object_Id, destination_Type, weenie_Class_Id, stack_Size, palette, shade, try_To_Bond) VALUES (810000, 4, 22340, -1, 0, 0, False);
INSERT IGNORE INTO weenie_properties_create_list (object_Id, destination_Type, weenie_Class_Id, stack_Size, palette, shade, try_To_Bond) VALUES (810000, 4, 22319, -1, 0, 0, False);
INSERT IGNORE INTO weenie_properties_create_list (object_Id, destination_Type, weenie_Class_Id, stack_Size, palette, shade, try_To_Bond) VALUES (810000, 4, 45377, -1, 0, 0, False);
INSERT IGNORE INTO weenie_properties_create_list (object_Id, destination_Type, weenie_Class_Id, stack_Size, palette, shade, try_To_Bond) VALUES (810000, 4, 22342, -1, 0, 0, False);
INSERT IGNORE INTO weenie_properties_create_list (object_Id, destination_Type, weenie_Class_Id, stack_Size, palette, shade, try_To_Bond) VALUES (810000, 4, 28926, -1, 0, 0, False);
INSERT IGNORE INTO weenie_properties_create_list (object_Id, destination_Type, weenie_Class_Id, stack_Size, palette, shade, try_To_Bond) VALUES (810000, 4, 45378, -1, 0, 0, False);
INSERT IGNORE INTO weenie_properties_create_list (object_Id, destination_Type, weenie_Class_Id, stack_Size, palette, shade, try_To_Bond) VALUES (810000, 4, 45379, -1, 0, 0, False);
INSERT IGNORE INTO weenie_properties_create_list (object_Id, destination_Type, weenie_Class_Id, stack_Size, palette, shade, try_To_Bond) VALUES (810000, 4, 49481, -1, 0, 0, False);
INSERT IGNORE INTO weenie_properties_create_list (object_Id, destination_Type, weenie_Class_Id, stack_Size, palette, shade, try_To_Bond) VALUES (810000, 4, 41739, -1, 0, 0, False);
INSERT IGNORE INTO weenie_properties_create_list (object_Id, destination_Type, weenie_Class_Id, stack_Size, palette, shade, try_To_Bond) VALUES (810000, 4, 43402, -1, 0, 0, False);
INSERT IGNORE INTO weenie_properties_create_list (object_Id, destination_Type, weenie_Class_Id, stack_Size, palette, shade, try_To_Bond) VALUES (810000, 4, 22348, -1, 0, 0, False);
INSERT IGNORE INTO weenie_properties_create_list (object_Id, destination_Type, weenie_Class_Id, stack_Size, palette, shade, try_To_Bond) VALUES (810000, 4, 22349, -1, 0, 0, False);
INSERT IGNORE INTO weenie_properties_create_list (object_Id, destination_Type, weenie_Class_Id, stack_Size, palette, shade, try_To_Bond) VALUES (810000, 4, 22943, -1, 0, 0, False);
INSERT IGNORE INTO weenie_properties_create_list (object_Id, destination_Type, weenie_Class_Id, stack_Size, palette, shade, try_To_Bond) VALUES (810000, 4, 22944, -1, 0, 0, False);
INSERT IGNORE INTO weenie_properties_create_list (object_Id, destination_Type, weenie_Class_Id, stack_Size, palette, shade, try_To_Bond) VALUES (810000, 4, 22945, -1, 0, 0, False);
INSERT IGNORE INTO weenie_properties_create_list (object_Id, destination_Type, weenie_Class_Id, stack_Size, palette, shade, try_To_Bond) VALUES (810000, 4, 22946, -1, 0, 0, False);
INSERT IGNORE INTO weenie_properties_create_list (object_Id, destination_Type, weenie_Class_Id, stack_Size, palette, shade, try_To_Bond) VALUES (810000, 4, 22947, -1, 0, 0, False);
INSERT IGNORE INTO weenie_properties_create_list (object_Id, destination_Type, weenie_Class_Id, stack_Size, palette, shade, try_To_Bond) VALUES (810000, 4, 22948, -1, 0, 0, False);
INSERT IGNORE INTO weenie_properties_create_list (object_Id, destination_Type, weenie_Class_Id, stack_Size, palette, shade, try_To_Bond) VALUES (810000, 4, 22937, -1, 0, 0, False);
INSERT IGNORE INTO weenie_properties_create_list (object_Id, destination_Type, weenie_Class_Id, stack_Size, palette, shade, try_To_Bond) VALUES (810000, 4, 22938, -1, 0, 0, False);
INSERT IGNORE INTO weenie_properties_create_list (object_Id, destination_Type, weenie_Class_Id, stack_Size, palette, shade, try_To_Bond) VALUES (810000, 4, 22939, -1, 0, 0, False);
INSERT IGNORE INTO weenie_properties_create_list (object_Id, destination_Type, weenie_Class_Id, stack_Size, palette, shade, try_To_Bond) VALUES (810000, 4, 22940, -1, 0, 0, False);
INSERT IGNORE INTO weenie_properties_create_list (object_Id, destination_Type, weenie_Class_Id, stack_Size, palette, shade, try_To_Bond) VALUES (810000, 4, 22941, -1, 0, 0, False);
INSERT IGNORE INTO weenie_properties_create_list (object_Id, destination_Type, weenie_Class_Id, stack_Size, palette, shade, try_To_Bond) VALUES (810000, 4, 22942, -1, 0, 0, False);


-- Kaelith (810001) - Academy weapons

INSERT INTO weenie (class_Id, class_Name, type, last_Modified) VALUES (810001, 'kaelith_academy_vendor', 12, NOW()) ON DUPLICATE KEY UPDATE class_Name = VALUES(class_Name), type = VALUES(type), last_Modified = NOW();

INSERT INTO weenie_properties_int (object_Id, type, value) VALUES (810001, 1, 16) ON DUPLICATE KEY UPDATE value = VALUES(value);
INSERT INTO weenie_properties_int (object_Id, type, value) VALUES (810001, 2, 31) ON DUPLICATE KEY UPDATE value = VALUES(value);
INSERT INTO weenie_properties_int (object_Id, type, value) VALUES (810001, 6, -1) ON DUPLICATE KEY UPDATE value = VALUES(value);
INSERT INTO weenie_properties_int (object_Id, type, value) VALUES (810001, 7, -1) ON DUPLICATE KEY UPDATE value = VALUES(value);
INSERT INTO weenie_properties_int (object_Id, type, value) VALUES (810001, 16, 32) ON DUPLICATE KEY UPDATE value = VALUES(value);
INSERT INTO weenie_properties_int (object_Id, type, value) VALUES (810001, 25, 250) ON DUPLICATE KEY UPDATE value = VALUES(value);
INSERT INTO weenie_properties_int (object_Id, type, value) VALUES (810001, 27, 0) ON DUPLICATE KEY UPDATE value = VALUES(value);
INSERT INTO weenie_properties_int (object_Id, type, value) VALUES (810001, 74, 0) ON DUPLICATE KEY UPDATE value = VALUES(value);
INSERT INTO weenie_properties_int (object_Id, type, value) VALUES (810001, 75, 0) ON DUPLICATE KEY UPDATE value = VALUES(value);
INSERT INTO weenie_properties_int (object_Id, type, value) VALUES (810001, 76, 100000) ON DUPLICATE KEY UPDATE value = VALUES(value);
INSERT INTO weenie_properties_int (object_Id, type, value) VALUES (810001, 93, 2098200) ON DUPLICATE KEY UPDATE value = VALUES(value);
INSERT INTO weenie_properties_int (object_Id, type, value) VALUES (810001, 113, 1) ON DUPLICATE KEY UPDATE value = VALUES(value);
INSERT INTO weenie_properties_int (object_Id, type, value) VALUES (810001, 126, 125) ON DUPLICATE KEY UPDATE value = VALUES(value);
INSERT INTO weenie_properties_int (object_Id, type, value) VALUES (810001, 127, 125) ON DUPLICATE KEY UPDATE value = VALUES(value);
INSERT INTO weenie_properties_int (object_Id, type, value) VALUES (810001, 133, 4) ON DUPLICATE KEY UPDATE value = VALUES(value);
INSERT INTO weenie_properties_int (object_Id, type, value) VALUES (810001, 134, 16) ON DUPLICATE KEY UPDATE value = VALUES(value);
INSERT INTO weenie_properties_bool (object_Id, type, value) VALUES (810001, 1, True) ON DUPLICATE KEY UPDATE value = VALUES(value);
INSERT INTO weenie_properties_bool (object_Id, type, value) VALUES (810001, 19, False) ON DUPLICATE KEY UPDATE value = VALUES(value);
INSERT INTO weenie_properties_bool (object_Id, type, value) VALUES (810001, 39, True) ON DUPLICATE KEY UPDATE value = VALUES(value);
INSERT INTO weenie_properties_float (object_Id, type, value) VALUES (810001, 1, 5) ON DUPLICATE KEY UPDATE value = VALUES(value);
INSERT INTO weenie_properties_float (object_Id, type, value) VALUES (810001, 3, 0.16) ON DUPLICATE KEY UPDATE value = VALUES(value);
INSERT INTO weenie_properties_float (object_Id, type, value) VALUES (810001, 4, 5) ON DUPLICATE KEY UPDATE value = VALUES(value);
INSERT INTO weenie_properties_float (object_Id, type, value) VALUES (810001, 5, 1) ON DUPLICATE KEY UPDATE value = VALUES(value);
INSERT INTO weenie_properties_float (object_Id, type, value) VALUES (810001, 11, 300) ON DUPLICATE KEY UPDATE value = VALUES(value);
INSERT INTO weenie_properties_float (object_Id, type, value) VALUES (810001, 13, 0.9) ON DUPLICATE KEY UPDATE value = VALUES(value);
INSERT INTO weenie_properties_float (object_Id, type, value) VALUES (810001, 14, 1) ON DUPLICATE KEY UPDATE value = VALUES(value);
INSERT INTO weenie_properties_float (object_Id, type, value) VALUES (810001, 15, 1.1) ON DUPLICATE KEY UPDATE value = VALUES(value);
INSERT INTO weenie_properties_float (object_Id, type, value) VALUES (810001, 16, 0.4) ON DUPLICATE KEY UPDATE value = VALUES(value);
INSERT INTO weenie_properties_float (object_Id, type, value) VALUES (810001, 17, 0.4) ON DUPLICATE KEY UPDATE value = VALUES(value);
INSERT INTO weenie_properties_float (object_Id, type, value) VALUES (810001, 18, 1) ON DUPLICATE KEY UPDATE value = VALUES(value);
INSERT INTO weenie_properties_float (object_Id, type, value) VALUES (810001, 19, 0.6) ON DUPLICATE KEY UPDATE value = VALUES(value);
INSERT INTO weenie_properties_float (object_Id, type, value) VALUES (810001, 37, 1) ON DUPLICATE KEY UPDATE value = VALUES(value);
INSERT INTO weenie_properties_float (object_Id, type, value) VALUES (810001, 38, 1) ON DUPLICATE KEY UPDATE value = VALUES(value);
INSERT INTO weenie_properties_float (object_Id, type, value) VALUES (810001, 54, 3) ON DUPLICATE KEY UPDATE value = VALUES(value);
INSERT INTO weenie_properties_float (object_Id, type, value) VALUES (810001, 64, 1) ON DUPLICATE KEY UPDATE value = VALUES(value);
INSERT INTO weenie_properties_float (object_Id, type, value) VALUES (810001, 65, 1) ON DUPLICATE KEY UPDATE value = VALUES(value);
INSERT INTO weenie_properties_float (object_Id, type, value) VALUES (810001, 66, 1) ON DUPLICATE KEY UPDATE value = VALUES(value);
INSERT INTO weenie_properties_float (object_Id, type, value) VALUES (810001, 67, 1) ON DUPLICATE KEY UPDATE value = VALUES(value);
INSERT INTO weenie_properties_float (object_Id, type, value) VALUES (810001, 68, 1) ON DUPLICATE KEY UPDATE value = VALUES(value);
INSERT INTO weenie_properties_float (object_Id, type, value) VALUES (810001, 69, 1) ON DUPLICATE KEY UPDATE value = VALUES(value);
INSERT INTO weenie_properties_float (object_Id, type, value) VALUES (810001, 70, 1) ON DUPLICATE KEY UPDATE value = VALUES(value);
INSERT INTO weenie_properties_float (object_Id, type, value) VALUES (810001, 104, 10) ON DUPLICATE KEY UPDATE value = VALUES(value);
